text,emotion,source,validated
Just hit a major milestone! Our favorite tech stock is surging! ğŸš€,excitement,synthetic_gpt-4,True
Can you believe it? This biotech company just received FDA approval and the stock is skyrocketing! ğŸŒŸ,excitement,synthetic_gpt-4,True
OMG! Earnings came in way above expectations! This electric vehicle manufacturer is on fire! ğŸ”¥,excitement,synthetic_gpt-4,True
I can't contain my excitement! My portfolio is up 25% this week alone! Let's go! ğŸ’°,excitement,synthetic_gpt-4,True
This is why we invest! A 50% jump in just two days! What a great time to be in tech! ğŸ“ˆ,excitement,synthetic_gpt-4,True
WOW! This renewable energy stock just broke through its all-time high! Incredible gains ahead! ğŸŒ¿,excitement,synthetic_gpt-4,True
Unbelievable performance from our favorite cloud services provider! Up 35% after the latest earnings! ğŸŒ¥ï¸,excitement,synthetic_gpt-4,True
"What a rollercoaster! Just when I thought it couldnâ€™t get better, this pharma stock blows up with new drug approvals! ğŸ’Š",excitement,synthetic_gpt-4,True
Feeling ecstatic! My investment in the gaming industry is paying off big time! ğŸ®ğŸ’µ,excitement,synthetic_gpt-4,True
Sky-high profits! This fintech company just announced a partnership that's sending shares flying! ğŸš€ğŸ’³,excitement,synthetic_gpt-4,True
This agriculture tech stock is making waves! Up 60% after great news on sustainable farming solutions! ğŸŒ¾,excitement,synthetic_gpt-4,True
Absolutely thrilled! Our small-cap stock just hit the jackpot with breakthrough technology! ğŸ’¡,excitement,synthetic_gpt-4,True
"Big wins today! The automation sector is booming, and this stock is leading the charge! âš™ï¸",excitement,synthetic_gpt-4,True
What a day for the market! This media stock just surprised everyone with outstanding subscriber growth! ğŸ“º,excitement,synthetic_gpt-4,True
Earnings season is treating us well! This retail company just reported record profits! ğŸ›ï¸âš¡,excitement,synthetic_gpt-4,True
Gains galore! My electric bike investment is paying off as sales soar! ğŸš´â€â™‚ï¸ğŸ’¸,excitement,synthetic_gpt-4,True
This aerospace company just secured a massive contract! Watch the stock price take off! âœˆï¸ğŸ’¥,excitement,synthetic_gpt-4,True
Feeling fantastic about this clean energy firm! They've just signed a major deal that'll boost revenues! ğŸŒğŸ’°,excitement,synthetic_gpt-4,True
This biotech stock just unlocked potential with its latest clinical trial results! Can't wait to see the next move! ğŸ”¬,excitement,synthetic_gpt-4,True
Time to celebrate! My investments in cybersecurity are soaring with the latest breach news! ğŸ”,excitement,synthetic_gpt-4,True
"The market is on fire! This fast-food chain just announced a groundbreaking menu initiative, and shares are up! ğŸ”ğŸ”¥",excitement,synthetic_gpt-4,True
Incredible day! This online marketplace just surpassed earnings estimates and is soaring! ğŸ“¦ğŸ“Š,excitement,synthetic_gpt-4,True
"What a surprise! This luxury goods brand had an unexpected earnings beat, sending shares to new heights! ğŸ’ğŸ‰",excitement,synthetic_gpt-4,True
So pumped about this AI startup! Their new product launch is generating huge buzz and investor interest! ğŸ¤–âœ¨,excitement,synthetic_gpt-4,True
Can you feel the energy? This shipping company is riding high as global trade rebounds! ğŸ“¦ğŸš¢,excitement,synthetic_gpt-4,True
This semiconductor stock is taking off! Earnings growth and demand are through the roof! ğŸš€ğŸ’»,excitement,synthetic_gpt-4,True
What a phenomenal performance from this health tech company! Stocks are surging on innovative solutions! ğŸ¥ğŸ†™,excitement,synthetic_gpt-4,True
Euphoric over this latest acquisition news! This retail giant is going to transform the market! ğŸ›’ğŸ’¥,excitement,synthetic_gpt-4,True
Big things happening! This online travel agency's stock is up as bookings surge! ğŸŒâœˆï¸,excitement,synthetic_gpt-4,True
"Wow! This insurance company just announced a huge digital upgrade, and investors are loving it! ğŸŒğŸ“ˆ",excitement,synthetic_gpt-4,True
High energy all around! This digital currency is surging as adoption rates increase! ğŸ’¹ğŸ’¥,excitement,synthetic_gpt-4,True
"Just in! This telecommunications firm is set to roll out 5G nationwide, and the stock is skyrocketing! ğŸ“±ğŸš€",excitement,synthetic_gpt-4,True
"Feeling electric! This new EV startup just hit a milestone in production, and the market response is incredible! âš¡ğŸš—",excitement,synthetic_gpt-4,True
"This social media platform just scored a major partnership, and it's driving stocks up! ğŸ“±ğŸ”¥",excitement,synthetic_gpt-4,True
Over the moon about this e-commerce stock! Holiday sales smashing records! ğŸ›ï¸ğŸŒŸ,excitement,synthetic_gpt-4,True
What a turnaround! This manufacturing company is rebounding after announcing a huge contract! ğŸ”§ğŸ’¡,excitement,synthetic_gpt-4,True
"Investors are buzzing! This restaurant chain just revealed innovative delivery options, and the stock is climbing! ğŸ½ï¸ğŸ“ˆ",excitement,synthetic_gpt-4,True
"The excitement is palpable! This cybersecurity firm just landed a federal contract, stocks are soaring! ğŸ›¡ï¸ğŸ’¼",excitement,synthetic_gpt-4,True
Incredible news! This fintech app just launched a new feature thatâ€™s getting rave reviews! ğŸ“²âœ¨,excitement,synthetic_gpt-4,True
"I'm on cloud nine! This streaming service just announced a blockbuster deal, and shares are taking off! ğŸ¬ğŸš€",excitement,synthetic_gpt-4,True
"What a comeback! This apparel brand is rallying after a successful new launch, and Iâ€™m loving the gains! ğŸ‘ŸğŸ“ˆ",excitement,synthetic_gpt-4,True
Breaking records! This green energy company just announced a new project thatâ€™s set to boost revenue! ğŸŒğŸ’¡,excitement,synthetic_gpt-4,True
"The sky's the limit! This robotics firm just released their latest innovation, and stocks are soaring! ğŸ¤–ğŸŒŸ",excitement,synthetic_gpt-4,True
Can't believe the gains today! This biotech stock is up after great news on a potential vaccine! ğŸ’‰ğŸš€,excitement,synthetic_gpt-4,True
"Amazing growth! This travel app just reported record downloads, and the market is responding strongly! ğŸŒğŸ“±",excitement,synthetic_gpt-4,True
Can you believe the surge? This EV company just hit an all-time high! ğŸš€,excitement,synthetic_gpt-4,True
Absolutely SMASHED earnings expectations! Who's ready for a party? ğŸ’¥,excitement,synthetic_gpt-4,True
This biotech stock is exploding! 30% up in just a few days. What a ride! ğŸ‰,excitement,synthetic_gpt-4,True
I jumped in at the right time! 50% gains in less than a week! Canâ€™t stop smiling! ğŸ˜„,excitement,synthetic_gpt-4,True
This cloud software stock is on fire! Analysts are raising their price targets like crazy! ğŸ”¥,excitement,synthetic_gpt-4,True
Just got my dividends and they are huge! This company knows how to reward its investors! ğŸ’¸,excitement,synthetic_gpt-4,True
What a surprise! This renewable energy stock skyrocketed overnight! Time to buckle up! ğŸŒŸ,excitement,synthetic_gpt-4,True
"Guys, the market is buzzing! Tech stocks are on a wild tear! Who's riding this wave? ğŸŒŠ",excitement,synthetic_gpt-4,True
Unbelievable performance from this pharma stock! They just announced a game-changing breakthrough! ğŸ’Š,excitement,synthetic_gpt-4,True
Are we witnessing a new bull run in crypto? My investments are soaring! Let's ride this wave! ğŸŒˆ,excitement,synthetic_gpt-4,True
This gaming company just dropped a blockbuster title and the stock is reacting! Whoâ€™s in? ğŸ®,excitement,synthetic_gpt-4,True
"The financial sector is heating up! Look at these gains, it's like a dream! ğŸŒŸ",excitement,synthetic_gpt-4,True
This logistics firm showed phenomenal growth! Investors are really catching on! ğŸ“ˆ,excitement,synthetic_gpt-4,True
"Wow, tech stocks are absolutely on fire! I can't believe my portfolio is up 70%! ğŸ”¥",excitement,synthetic_gpt-4,True
"This health tech company just got FDA approval, and the stock is soaring! What a day! ğŸ‰",excitement,synthetic_gpt-4,True
Just saw a 15% jump in my favorite stock! Looks like the momentum is picking up! ğŸ’ª,excitement,synthetic_gpt-4,True
Incredible news! This solar company just signed a massive contract and shares are skyrocketing! â˜€ï¸,excitement,synthetic_gpt-4,True
Did you see that spike? This fintech company is revolutionizing payments and it shows! ğŸ’°,excitement,synthetic_gpt-4,True
Feeling great about my investments! This e-commerce platform is absolutely killing it right now! ğŸ›’,excitement,synthetic_gpt-4,True
This semiconductor stock is up 40% after a positive earnings report! Whoa! ğŸš€,excitement,synthetic_gpt-4,True
"Just when I thought it couldn't get better, this logistics stock exploded! What a gem! ğŸ’",excitement,synthetic_gpt-4,True
Crazy gains on this AI startup! Who's in it for the long haul? Let's go! ğŸ’¼,excitement,synthetic_gpt-4,True
Pure excitement in the market! This clean energy stock rose 25% overnight! âš¡,excitement,synthetic_gpt-4,True
This telecom company surprised everyone with its earnings! Absolutely worth the investment! ğŸ“,excitement,synthetic_gpt-4,True
"Not just a bounce, but a full-on rocket launch! This biotech stock is unstoppable! ğŸš€",excitement,synthetic_gpt-4,True
Massive rally today for this travel company! The post-pandemic boom is real! âœˆï¸,excitement,synthetic_gpt-4,True
This online education platform just hit a record high! Such a timely investment! ğŸ“š,excitement,synthetic_gpt-4,True
This electric vehicle maker is finally getting the recognition it deserves! Stock price is soaring! âš¡,excitement,synthetic_gpt-4,True
Huge announcement from this food tech company! Stock is up 35% after the news! ğŸ”,excitement,synthetic_gpt-4,True
What a whirlwind! My portfolio is thriving thanks to these incredible market moves! ğŸ†,excitement,synthetic_gpt-4,True
Retail investors are winning big! This stock just broke through resistance levels! Let's go! ğŸ¥³,excitement,synthetic_gpt-4,True
Incredible momentum in renewable energy stocks! Feels great to be an investor right now! ğŸŒ,excitement,synthetic_gpt-4,True
Screaming from the rooftops! This utility company is providing fantastic returns! ğŸ“¢,excitement,synthetic_gpt-4,True
"Wow, just wow! This cybersecurity firm is making waves, and my investment is paying off big! ğŸŒŠ",excitement,synthetic_gpt-4,True
What a fantastic time to be in tech! The market is electric with positivity! âš¡,excitement,synthetic_gpt-4,True
This pet care stock just posted massive growth! Iâ€™m feeling great about my decision! ğŸ¾,excitement,synthetic_gpt-4,True
Rocketing gains! This health services company is showing impressive results! ğŸš€,excitement,synthetic_gpt-4,True
"This payment processing stock just announced a new major partnership, and the marketâ€™s loving it! ğŸ’³",excitement,synthetic_gpt-4,True
Best investment choice ever! This streaming service is dominating the charts! ğŸ“º,excitement,synthetic_gpt-4,True
Feeling on top of the world! This mining stock just reported record production! ğŸ‰,excitement,synthetic_gpt-4,True
WOW! Incredible surge in this agricultural tech company! This is what investing dreams are made of! ğŸŒ±,excitement,synthetic_gpt-4,True
"This clothing brand just revealed a new campaign and the stock is soaring! Fashion lovers, rejoice! ğŸ‘—",excitement,synthetic_gpt-4,True
The market is buzzing with excitement over this digital advertising company's performance! ğŸ“Š,excitement,synthetic_gpt-4,True
What a game changer! This logistics tech firm just made a strategic acquisition and its stock is soaring! ğŸ“¦,excitement,synthetic_gpt-4,True
This trip-planning startup just went public and itâ€™s taking off! Whoâ€™s hopping on board? ğŸ—ºï¸,excitement,synthetic_gpt-4,True
I canâ€™t keep calm! This pharmaceutical company broke through its resistance level! This is just the start! ğŸ’Š,excitement,synthetic_gpt-4,True
Can you believe this surge? Tech stocks are on fire! ğŸ”¥ğŸš€,excitement,synthetic_gpt-4,True
This is what weâ€™ve been waiting for! Pharma stocks soaring... let's go!!!,excitement,synthetic_gpt-4,True
"Wow, just wow! EV stocks are exploding! Donâ€™t miss out! âš¡ï¸",excitement,synthetic_gpt-4,True
Incredible day for the market! New highs being set everywhere! ğŸŒŸ,excitement,synthetic_gpt-4,True
Just made a killer trade! Up 50% in a matter of days! Feeling unstoppable!,excitement,synthetic_gpt-4,True
The energy sector is having its moment! Absolute gains on display! âš¡ï¸ğŸ’°,excitement,synthetic_gpt-4,True
This market rally is giving me life! Time to celebrate those gains! ğŸ¥³,excitement,synthetic_gpt-4,True
Hold on tight! This biotech company is breaking records today! ğŸš€,excitement,synthetic_gpt-4,True
What a comeback for those retail stocks! Up 30% this week! YES! ğŸ™Œ,excitement,synthetic_gpt-4,True
Canâ€™t contain my excitement! The future is bright for sustainable energy stocks!,excitement,synthetic_gpt-4,True
Tech gains are outrageous right now! Who's ready to ride this wave? ğŸŒŠ,excitement,synthetic_gpt-4,True
This earnings report just blew my expectations out of the water! Let's go!!!,excitement,synthetic_gpt-4,True
The momentum is real! I've never seen such explosive growth in this sector! ğŸ”¥,excitement,synthetic_gpt-4,True
This is the moment we've all been waiting for! Big wins in the auto industry! ğŸš—ğŸ’¥,excitement,synthetic_gpt-4,True
Dollar signs everywhere! This stock is climbing like thereâ€™s no tomorrow! ğŸ’¸,excitement,synthetic_gpt-4,True
Todayâ€™s market activityâ€”pure adrenaline! Who's cashing in on these moves? ğŸš€,excitement,synthetic_gpt-4,True
My portfolio is on fire! Loving the gains from these innovative companies! ğŸ”¥ğŸ’°,excitement,synthetic_gpt-4,True
What a fantastic run for renewable energy stocks! The green revolution is here! ğŸŒ±ğŸŒ,excitement,synthetic_gpt-4,True
Can we talk about this tech boom? The future looks SO bright! ğŸŒŸ,excitement,synthetic_gpt-4,True
Unbelievable gains! This healthcare stock is just skyrocketing! Time to ride the wave! ğŸŒŠ,excitement,synthetic_gpt-4,True
Every day is a new high! Iâ€™m loving the trends in this growing industry! ğŸ“ˆ,excitement,synthetic_gpt-4,True
Just hit my target! This stock is going to the moon! Who's with me? ğŸš€,excitement,synthetic_gpt-4,True
"The excitement around this merger is palpable! Major gains ahead, folks! ğŸ’¥",excitement,synthetic_gpt-4,True
Iâ€™m all in on this company! Their growth potential is off the charts! ğŸ”¥,excitement,synthetic_gpt-4,True
Never seen anything like this in the EV market! Letâ€™s keep riding the momentum! âš¡ï¸,excitement,synthetic_gpt-4,True
This rally is unbelievable! I can't stop checking my portfolio! ğŸ™ˆ,excitement,synthetic_gpt-4,True
Time to celebrate! Huge profits rolling in from this recent investment! ğŸ‰ğŸ’°,excitement,synthetic_gpt-4,True
Buckle up! This tech company has just announced a game-changing innovation! ğŸš€,excitement,synthetic_gpt-4,True
This stock split is just the beginning! Huge potential ahead!!!,excitement,synthetic_gpt-4,True
The market is buzzing with excitement! I'm feeling incredibly optimistic!,excitement,synthetic_gpt-4,True
This is insane! The gains just keep piling on! Who's ready for more? ğŸ’¸,excitement,synthetic_gpt-4,True
All aboard the rocket ship! This stock has no brakes! ğŸš€,excitement,synthetic_gpt-4,True
What a thrilling day in the markets! Iâ€™m loving every minute of this!,excitement,synthetic_gpt-4,True
The trend is your friend! This stock is pushing boundaries every single day! ğŸ’ª,excitement,synthetic_gpt-4,True
Excited to see where this momentum takes us! Letâ€™s keep climbing! ğŸŒ„,excitement,synthetic_gpt-4,True
This stock is about to break out! Let's make some serious money!!!,excitement,synthetic_gpt-4,True
I can't believe the growth in this companyâ€™s stock price! Time to celebrate! ğŸŠ,excitement,synthetic_gpt-4,True
Absolutely ecstatic right now! My investments are thriving more than ever! ğŸ¥³,excitement,synthetic_gpt-4,True
This stock's performance today is a masterpiece! Truly a sight to behold! ğŸ¨,excitement,synthetic_gpt-4,True
Feeling on top of the world with these gains! Who knew investing could be this fun? ğŸ’–,excitement,synthetic_gpt-4,True
The market's electric! Iâ€™m jumping in for this amazing ride! âš¡ï¸,excitement,synthetic_gpt-4,True
Iâ€™m beyond thrilled with this sectorâ€™s performance! The sky's the limit! ğŸŒŒ,excitement,synthetic_gpt-4,True
What a rollercoaster ride today! But the ending was worth it! ğŸ¢ğŸ’°,excitement,synthetic_gpt-4,True
Just got an alert! This stock is climbing fast! Canâ€™t wait! ğŸš€,excitement,synthetic_gpt-4,True
The excitement is contagious! I canâ€™t get enough of these market movements! â¤ï¸,excitement,synthetic_gpt-4,True
Riding high on these remarkable returns! Whoâ€™s joining me for the next wave? ğŸŒŠ,excitement,synthetic_gpt-4,True
The momentum in tech is breathtaking! Get in while you can! ğŸ”¥,excitement,synthetic_gpt-4,True
I'm stunned by how well this investment is performing! Letâ€™s keep the gains coming!,excitement,synthetic_gpt-4,True
This company is changing the game! The stock market just can't handle it! ğŸ’¥,excitement,synthetic_gpt-4,True
Just got in on that EV stock before the big reveal! Can't believe the rapid increase! ğŸš€,excitement,synthetic_gpt-4,True
"Wow! This biotech company just dropped groundbreaking news, and their stock is skyrocketing! ğŸ’¥",excitement,synthetic_gpt-4,True
Thrilled to see my tech portfolio explode! Up over 30% this month! Let's go! ğŸ“ˆ,excitement,synthetic_gpt-4,True
Incredible performance from that renewable energy firm! Iâ€™m all in! ğŸŒ±,excitement,synthetic_gpt-4,True
Holy smokes! This AI company is crushing expectations! Talk about a game changer! ğŸ”¥,excitement,synthetic_gpt-4,True
I just made the best trade of the year! This pharma stock is off the charts! ğŸ©º,excitement,synthetic_gpt-4,True
LFG! This digital currency is surging! Can't wait to see where it goes next! ğŸ’¸,excitement,synthetic_gpt-4,True
What a day! My investments in the green energy sector are soaring! Feeling pumped! âš¡,excitement,synthetic_gpt-4,True
This tech stock is on fire! Canâ€™t believe the gains weâ€™re seeing today! ğŸš€,excitement,synthetic_gpt-4,True
"Major news just dropped, and this gaming stock is up 50%! What a ride! ğŸ®",excitement,synthetic_gpt-4,True
Invested early in that clean tech startup and now itâ€™s going through the roof! Watching closely! ğŸŒ,excitement,synthetic_gpt-4,True
This market rally is incredible! I'm riding the wave with my favorite stocks! ğŸŒŠ,excitement,synthetic_gpt-4,True
Just scored big on that cloud computing company! Massive growth potential ahead! ğŸ–¥ï¸,excitement,synthetic_gpt-4,True
I feel like a genius! My investment in that telecom stock just doubled! ğŸ“,excitement,synthetic_gpt-4,True
The momentum is unreal! That healthcare company just reported exceptional earnings! ğŸ“Š,excitement,synthetic_gpt-4,True
I canâ€™t keep calm! This electric vehicle manufacturer just hit record highs! âš¡,excitement,synthetic_gpt-4,True
Everything is aligning perfectly for my favorite fintech stock! The future is bright! ğŸ’°,excitement,synthetic_gpt-4,True
This is the moment weâ€™ve all been waiting for! Stocks are soaring like never before! ğŸŒŸ,excitement,synthetic_gpt-4,True
Jumped into that logistics company right before their big announcement! It's going wild! ğŸšš,excitement,synthetic_gpt-4,True
"Iâ€™ve added more shares in that cutting-edge biotech firm, and itâ€™s performing phenomenally! ğŸ§¬",excitement,synthetic_gpt-4,True
I canâ€™t believe how fast this tech stock is rising! The potential is limitless! ğŸš€,excitement,synthetic_gpt-4,True
Absolutely spectacular rally today! My portfolio is looking like a rocket! ğŸŒ ,excitement,synthetic_gpt-4,True
Just joined the party with that solar company! The market is loving it! â˜€ï¸,excitement,synthetic_gpt-4,True
This is just the beginning! My investments in renewable stocks are paying off big time! ğŸŒ¿,excitement,synthetic_gpt-4,True
"Wow, just wow! The gains from that VR stock are unreal! Can't stop smiling! ğŸ˜„",excitement,synthetic_gpt-4,True
So excited to be part of this market surge! My investments are finally paying off! ğŸ’¥,excitement,synthetic_gpt-4,True
This small-cap tech stock just exploded! Perfect timing on my part! ğŸ‰,excitement,synthetic_gpt-4,True
The energy sector is lighting up! My investments are shining bright! ğŸŒ,excitement,synthetic_gpt-4,True
This AI startup just got another round of funding! Their stock is ready for liftoff! ğŸš€,excitement,synthetic_gpt-4,True
Talk about a rollercoaster! My crypto investment is back on track for all-time highs! ğŸ¢,excitement,synthetic_gpt-4,True
The performance of that healthcare stock is blowing my mind! Who's with me? ğŸ’Š,excitement,synthetic_gpt-4,True
This is what we live for! Stocks are moving up in sync like never before! ğŸ¶,excitement,synthetic_gpt-4,True
"Just got a tip on that leading tech firm, and now I'm riding a wave of excitement! ğŸ“ˆ",excitement,synthetic_gpt-4,True
Can't stay calm! This renewable energy firm just got a big contract! ğŸ’ª,excitement,synthetic_gpt-4,True
What a comeback! That e-commerce stock is on an absolute tear! ğŸ›’,excitement,synthetic_gpt-4,True
My investment in that online education company just skyrocketed! Pure joy! ğŸ“,excitement,synthetic_gpt-4,True
This is unbelievable! My portfolio is on fire! What a time to be an investor! ğŸ”¥,excitement,synthetic_gpt-4,True
Just hit a new milestone with my favorite fintech stock! Canâ€™t wait for more! ğŸ“Š,excitement,synthetic_gpt-4,True
This tech IPO is crushing it! So grateful for the opportunity! ğŸŒŒ,excitement,synthetic_gpt-4,True
"Just when I thought it couldnâ€™t get better, my stock is experiencing unprecedented gains! ğŸŒ ",excitement,synthetic_gpt-4,True
Feeling like a wizard! Just sold my shares at a record high from that logistics company! ğŸ§™,excitement,synthetic_gpt-4,True
Holy gains Batman! This stock is reaching new heights! ğŸ¦¸,excitement,synthetic_gpt-4,True
Cannot believe how fast this social media stock is climbing! I'm riding high! â˜ï¸,excitement,synthetic_gpt-4,True
Wow! Just got in on that energy stock before the big jump! What a thrill! âš¡,excitement,synthetic_gpt-4,True
This stock is the real deal! Can't wait to see how high it goes! ğŸ’¸,excitement,synthetic_gpt-4,True
What a day for tech stocks! Riding this wave of excitement all the way up! ğŸŒŠ,excitement,synthetic_gpt-4,True
My investments in smart home tech are booming! Hereâ€™s to future gains! ğŸ¡,excitement,synthetic_gpt-4,True
Unbelievable surge! This tech stock just skyrocketed 25% overnight! ğŸš€,excitement,synthetic_gpt-4,True
Can you believe the momentum? Pharma company just reported stellar earnings and shares are flying!,excitement,synthetic_gpt-4,True
OMG! This EV startup is crushing it! Up 30% today! Whoâ€™s riding this wave? ğŸŒŠ,excitement,synthetic_gpt-4,True
Just made a quick trade on that biotech firm â€“ a 50% gain in less than 24 hours! Let's go!,excitement,synthetic_gpt-4,True
This is like a rollercoaster! The market's up and my portfolio is smiling! ğŸ¢,excitement,synthetic_gpt-4,True
Breaking news: Leading AI firm just secured a massive contract and stock is up 40%!,excitement,synthetic_gpt-4,True
"What a day! Just snagged some shares in that renewable energy company, and theyâ€™re up 20%! ğŸŒ±",excitement,synthetic_gpt-4,True
This stock is on fire! Hitting record highs with no signs of slowing down!,excitement,synthetic_gpt-4,True
"Exciting times in the market! Major retail brand just reported amazing sales, stock price skyrocketing! ğŸ“ˆ",excitement,synthetic_gpt-4,True
This is not a drill! Tech stock just broke through $100! Who else is hyped?!,excitement,synthetic_gpt-4,True
Massive rally! My investment in that clean energy firm is paying off big time! ğŸ’°,excitement,synthetic_gpt-4,True
Whoa! Just saw that health tech company jumped 15% on FDA approval news! Let's celebrate!,excitement,synthetic_gpt-4,True
"Yes, yes, yes! My portfolio just gained 35% in a month, feeling like a genius today!",excitement,synthetic_gpt-4,True
"Absolutely insane! EV manufacturer just announced record deliveries, stock is soaring!",excitement,synthetic_gpt-4,True
Canâ€™t believe my eyes! This small-cap just doubled in value in a week! Time to take a victory lap!,excitement,synthetic_gpt-4,True
Radical growth! A fintech startup just closed a big funding round and shares are up 50%! ğŸ‰,excitement,synthetic_gpt-4,True
Excited to see this classic brand rejuvenated â€“ stock price surging post-restructuring news!,excitement,synthetic_gpt-4,True
"This market is electric! Just got into a cybersecurity firm, and itâ€™s already 20% up!",excitement,synthetic_gpt-4,True
Incredible performance! My investments in the gaming industry are popping off right now! ğŸ®,excitement,synthetic_gpt-4,True
Feeling the adrenaline! Biotech stock just jumped after promising trial results! Whoâ€™s with me?,excitement,synthetic_gpt-4,True
Just hit the jackpot with this AI company! Up 45% today! Can't stop smiling! ğŸ˜,excitement,synthetic_gpt-4,True
"What a comeback! This retail stock is bouncing back stronger than ever, gains galore!",excitement,synthetic_gpt-4,True
"Just got my first taste of options trading, and let me tell you, the excitement is real!",excitement,synthetic_gpt-4,True
This is the year of tech! My investments are on a rocket ship ride to the moon!,excitement,synthetic_gpt-4,True
Crazy gains on my healthcare investments! Up 30% since last earnings! Feeling blessed! ğŸ™Œ,excitement,synthetic_gpt-4,True
Diving into this renewable firm was the best decision! Up 60% already! ğŸŒ,excitement,synthetic_gpt-4,True
"Canâ€™t stop, wonâ€™t stop! This stock's on an insane rally â€“ who else is buying?",excitement,synthetic_gpt-4,True
Todayâ€™s performance is mind-blowing! Just watched a logistics company soar to new heights!,excitement,synthetic_gpt-4,True
"Major banking firm just posted record profits, and guess what? Their stock is soaring! ğŸ’¸",excitement,synthetic_gpt-4,True
This cryptocurrency is on another level! Rocketed 50% today; major hype!,excitement,synthetic_gpt-4,True
What a thrill! My shares in a leading EV company just got a boost from good news!,excitement,synthetic_gpt-4,True
This is wild! The market just gave us a surprise with that tech stock explosion!,excitement,synthetic_gpt-4,True
Incredible growth! The semiconductor sector is absolutely lighting up the charts right now! ğŸ’¡,excitement,synthetic_gpt-4,True
This latest earnings report blew everyone away! Stock prices are flying high!,excitement,synthetic_gpt-4,True
"Feeling electric! Just increased my position in a promising startup, and itâ€™s already paying off!",excitement,synthetic_gpt-4,True
My portfolio is glowing green today! Up 20% all around; what a wild ride!,excitement,synthetic_gpt-4,True
Can't get enough of these market gains! Just added a tech stock right before the surge!,excitement,synthetic_gpt-4,True
The excitement in this market is contagious! Just saw another biotech stock shoot up!,excitement,synthetic_gpt-4,True
Wow! Just secured a massive gain on my investment in that up-and-coming clean tech firm!,excitement,synthetic_gpt-4,True
This marketâ€™s insane! My shares in a logistics company are seeing phenomenal growth!,excitement,synthetic_gpt-4,True
Feeling so hyped right now! Just hit a milestone with my investments in a popular franchise chain!,excitement,synthetic_gpt-4,True
The excitement is palpable! This media company just announced a blockbuster deal and shares popped!,excitement,synthetic_gpt-4,True
What a rush! My fintech stock just blasted off â€“ canâ€™t believe the gains this week!,excitement,synthetic_gpt-4,True
This biotech company is on fire! Stock is up 50% after positive trial results. Let's go!,excitement,synthetic_gpt-4,True
Incredible! My tech investments are soaring! Canâ€™t wait to see what next week brings!,excitement,synthetic_gpt-4,True
So excited to be part of this rally! That retail stock looks ready to break all records! ğŸ”¥,excitement,synthetic_gpt-4,True
Just saw my shares in that health tech company double! What a thrilling ride!,excitement,synthetic_gpt-4,True
This travel stock just got a major upgrade from analysts! Up 30% and climbing!,excitement,synthetic_gpt-4,True
Riding the wave! My renewable energy stocks are bringing in the gains! Feeling good!,excitement,synthetic_gpt-4,True
What an exhilarating day! This logistics stock just surged after earnings. Let's keep this momentum!,excitement,synthetic_gpt-4,True
"Wow, just saw my portfolio skyrocket! ğŸš€ What an incredible week for tech stocks!",excitement,synthetic_gpt-4,True
This biotech company is on a tear! +35% in just three days. Canâ€™t believe my luck!,excitement,synthetic_gpt-4,True
Absolutely thrilled! My EV stocks are hitting new all-time highs. Let's keep this momentum going!,excitement,synthetic_gpt-4,True
Unbelievable performance today! This stock jumped 50% on great earnings. What a ride!,excitement,synthetic_gpt-4,True
Iâ€™m on cloud nine! ğŸ‰ My investment in renewable energy just surged. The future looks bright!,excitement,synthetic_gpt-4,True
This market rally is electric! ğŸ”¥ I canâ€™t believe the gains weâ€™re seeing across the board!,excitement,synthetic_gpt-4,True
Soaring stock prices and incredible volume! This pharmaceutical firm is making waves!,excitement,synthetic_gpt-4,True
This is what dreams are made of! My small-cap investment just doubled. LFG!,excitement,synthetic_gpt-4,True
Massive gains today! This emerging tech company just announced a game-changing partnership!,excitement,synthetic_gpt-4,True
The energy sector is alive! My stocks just shot up 40%. Can't stop smiling!,excitement,synthetic_gpt-4,True
Holy cow! ğŸš€ This stock just made a massive jump after the announcement. Where are we headed next?,excitement,synthetic_gpt-4,True
What a day! My portfolioâ€™s looking bright with these EV stocks. Letâ€™s ride this wave!,excitement,synthetic_gpt-4,True
Iâ€™m over the moon! My shares just saw a 60% increase. This is pure euphoria!,excitement,synthetic_gpt-4,True
Crazy gains in the renewable sector! ğŸŒ± This company is leading the charge!,excitement,synthetic_gpt-4,True
Incredible day for the market! ğŸ“ˆ My investments are soaring and I couldn't be happier!,excitement,synthetic_gpt-4,True
This stock just exploded! ğŸ’¥ Up 30% within hours. Who would have thought?,excitement,synthetic_gpt-4,True
I'm ecstatic! This tech firm just announced a breakthrough product and the stock is flying!,excitement,synthetic_gpt-4,True
Amazing news! A big merger announcement sent my stocks soaring. Can't contain my excitement!,excitement,synthetic_gpt-4,True
What a ride! ğŸš€ My investments in AI companies are paying off big time this week!,excitement,synthetic_gpt-4,True
Jaw-dropping gains today! Can't believe my stocks are up over 50%. What a market!,excitement,synthetic_gpt-4,True
"Just when I thought it couldn't get better, my pharma stocks double up! Incredible!",excitement,synthetic_gpt-4,True
This rally is insane! The market is buzzing and my portfolio is thriving. Letâ€™s keep it going!,excitement,synthetic_gpt-4,True
Unbelievable! Iâ€™m loving these gains from my renewable energy investments. Feeling blessed!,excitement,synthetic_gpt-4,True
What a performance! Tech stocks are just unstoppable right now. Canâ€™t wait for more gains!,excitement,synthetic_gpt-4,True
I can't believe what I'm seeing! This stock is literally skyrocketing today! ğŸ’¸,excitement,synthetic_gpt-4,True
Absolutely smashing it! My small-cap stock just hit a new record high. What a thrill!,excitement,synthetic_gpt-4,True
So stoked for my EV investment! ğŸš˜ The future is bright and the stock is flying!,excitement,synthetic_gpt-4,True
This is the best investment of my life! My biotech stocks are up over 45% this month!,excitement,synthetic_gpt-4,True
Can you believe it? This stock just made a massive jump! The excitement is real!,excitement,synthetic_gpt-4,True
This market is on fire! ğŸ”¥ Iâ€™m celebrating huge gains across my portfolio today!,excitement,synthetic_gpt-4,True
What an exhilarating day! My stocks are just skyrocketing. Feeling like a financial genius!,excitement,synthetic_gpt-4,True
Epic rally in the tech sector today! My investments are seeing phenomenal returns!,excitement,synthetic_gpt-4,True
This is wild! My healthcare stocks are breaking records left and right. What a week!,excitement,synthetic_gpt-4,True
Iâ€™m buzzing with excitement! ğŸ“ˆ My investments are showing explosive growth this month!,excitement,synthetic_gpt-4,True
Unreal gains for my portfolio! Iâ€™m so pumped right now with this market surge!,excitement,synthetic_gpt-4,True
Thrilled about todayâ€™s gains! My investment in green tech is paying off big time!,excitement,synthetic_gpt-4,True
This stock just launched to new heights! ğŸš€ Canâ€™t wait to see how far it will go!,excitement,synthetic_gpt-4,True
Big smiles over here! My fintech stocks are climbing fast! Loving this market energy!,excitement,synthetic_gpt-4,True
The future looks bright! My renewable energy stocks are soaring and Iâ€™m here for it!,excitement,synthetic_gpt-4,True
Incredible news! Big partnership announcement sent this tech stock through the roof!,excitement,synthetic_gpt-4,True
What a comeback! My previously quiet stocks are now bursting with energy. Letâ€™s ride this wave!,excitement,synthetic_gpt-4,True
The excitement is palpable! My investments are flying high and Iâ€™m ready for more!,excitement,synthetic_gpt-4,True
This is just the beginning! My emerging market stocks are heating up. Letâ€™s get it!,excitement,synthetic_gpt-4,True
I canâ€™t stop smiling! My investments are popping off today like never before!,excitement,synthetic_gpt-4,True
This rally is simply exhilarating! Iâ€™m loving the performance of my growth stocks!,excitement,synthetic_gpt-4,True
Feeling the rush! My investments in AI are paying off big time right now! ğŸ”¥,excitement,synthetic_gpt-4,True
Incredible surge today! My shares just shot up thanks to great earnings. What a surprise!,excitement,synthetic_gpt-4,True
Talk about gains! My clean energy stocks are shining bright in this market!,excitement,synthetic_gpt-4,True
This stock is a moonshot! ğŸŒ™ Can't believe my eyes with these gains today!,excitement,synthetic_gpt-4,True
The market is buzzing! My portfolio is thriving thanks to sensational tech advancements!,excitement,synthetic_gpt-4,True
Just hit a new all-time high! This EV company is absolutely crushing it! ğŸš€,excitement,synthetic_gpt-4,True
"Wow, this biotech stock just announced a groundbreaking drug! Canâ€™t believe the surge!",excitement,synthetic_gpt-4,True
Unbelievable! Tech stocks are flying high! This week has been a total game-changer! ğŸ’¥,excitement,synthetic_gpt-4,True
Going all-in on this green energy stock! The future looks so bright! Letâ€™s go! ğŸŒ±,excitement,synthetic_gpt-4,True
Just cashed in on those massive gains! This pharma breakthrough has us buzzing!,excitement,synthetic_gpt-4,True
What a week! Up 20% and it feels like weâ€™re just getting started! LFG!,excitement,synthetic_gpt-4,True
"This stock is on fire! $50 to $75 in just a few days, pure adrenaline!",excitement,synthetic_gpt-4,True
Big news in the crypto world! Prices are soaring! Whoâ€™s ready to ride this wave?,excitement,synthetic_gpt-4,True
"This tech giant just released their earnings, and the results are mind-blowing! ğŸ“ˆ",excitement,synthetic_gpt-4,True
Hitting refresh on my portfolio like crazy! Absolutely loving these numbers!,excitement,synthetic_gpt-4,True
Major rally in the renewable energy sector! So excited for whatâ€™s next! ğŸ”‹,excitement,synthetic_gpt-4,True
This little-known stock just exploded after a partnership announcement! What a ride!,excitement,synthetic_gpt-4,True
Holy moly! This growth stock is up 35% in just three days! Unprecedented!,excitement,synthetic_gpt-4,True
Canâ€™t believe I bought the dip! Best decision ever as this stock skyrockets!,excitement,synthetic_gpt-4,True
Every indicator is showing green! This market momentum is absolutely electric! âš¡,excitement,synthetic_gpt-4,True
This healthcare stock is the talk of the town! Record profits and rising fast!,excitement,synthetic_gpt-4,True
"Just got the news on this tech merger, and Iâ€™m ecstatic about the potential gains!",excitement,synthetic_gpt-4,True
"The volatility is crazy, but this crypto is set to take off! Canâ€™t wait! ğŸš€",excitement,synthetic_gpt-4,True
Exciting times ahead for this software company! Analysts are raving about their growth!,excitement,synthetic_gpt-4,True
Talk about a comeback! This retail stock is up 50% from its lows! Incredible!,excitement,synthetic_gpt-4,True
Feeling the thrill as this small-cap stock makes big waves in the market!,excitement,synthetic_gpt-4,True
I canâ€™t believe how quickly this stock surged after that positive news! Letâ€™s ride!,excitement,synthetic_gpt-4,True
The marketâ€™s on fire! Tech stocks are leading the charge! What an exhilarating time!,excitement,synthetic_gpt-4,True
Earnings season is heating up! This companyâ€™s results blew past expectations!,excitement,synthetic_gpt-4,True
The surge in this clean energy stock is making headlines! Itâ€™s electric! ğŸ”Œ,excitement,synthetic_gpt-4,True
"Jumped into this new fintech stock, and itâ€™s already taking off! So pumped!",excitement,synthetic_gpt-4,True
This biotech firm just got FDA approval for its latest drug! The excitement is real!,excitement,synthetic_gpt-4,True
What a wild ride! This stock jumped 60% overnight! Investors are ecstatic!,excitement,synthetic_gpt-4,True
All aboard the growth train! This ecommerce stock is showing no signs of slowing down!,excitement,synthetic_gpt-4,True
This is it! The perfect storm for this travel stock! Canâ€™t wait to see the results!,excitement,synthetic_gpt-4,True
"Just saw the quarterly earnings, and Iâ€™m beyond thrilled! This company is a powerhouse!",excitement,synthetic_gpt-4,True
This stockâ€™s recent breakout is giving me chills! Market sentiment is electric!,excitement,synthetic_gpt-4,True
Letâ€™s go! Huge gains from my last investment! Just holding on for the long haul!,excitement,synthetic_gpt-4,True
Everythingâ€™s pointing up for this tech giant! Analysts are raising targets left and right!,excitement,synthetic_gpt-4,True
Iâ€™m over the moon with these returns! The market is rewarding us handsomely! ğŸ‰,excitement,synthetic_gpt-4,True
This conglomerate is making headlines! Such rapid growth is exciting for all investors!,excitement,synthetic_gpt-4,True
Boom! This stock just spiked after a glowing analyst report! What a time to be in!,excitement,synthetic_gpt-4,True
This mining stock is seeing unprecedented demand! Canâ€™t believe the excitement!,excitement,synthetic_gpt-4,True
Upward trajectory confirmed! My portfolio is thriving with these new investments!,excitement,synthetic_gpt-4,True
The momentum is palpable! This companyâ€™s innovation strategy is paying off big time!,excitement,synthetic_gpt-4,True
Analysts are abuzz after this merger announcement! Major implications for the market!,excitement,synthetic_gpt-4,True
Cannot believe how quickly this stock jumped after the latest news! Absolutely thrilling!,excitement,synthetic_gpt-4,True
"Every time I check my investment app, Iâ€™m greeted with more green! What a rush!",excitement,synthetic_gpt-4,True
The excitement in the market is contagious! Looking forward to more gains ahead!,excitement,synthetic_gpt-4,True
This tech stock is gaining traction! Iâ€™m loving every moment of this exhilarating ride!,excitement,synthetic_gpt-4,True
Unreal performance from this electric vehicle company! Investors are celebrating!,excitement,synthetic_gpt-4,True
Just realized my portfolio is up 40%! The thrill of the market is unmatched!,excitement,synthetic_gpt-4,True
This health-tech innovation is about to change everything! Earnings are going to explode!,excitement,synthetic_gpt-4,True
The upward momentum is electric! Invested in this AI stock and itâ€™s soaring higher!,excitement,synthetic_gpt-4,True
Iâ€™m all in on this cloud computing stock! The growth potential is through the roof!,excitement,synthetic_gpt-4,True
What a day! Our tech stock just skyrocketed 25%! Can't believe the momentum!,excitement,synthetic_gpt-4,True
Feeling ecstatic! My EV shares are up 50% this month! The future looks bright!,excitement,synthetic_gpt-4,True
This is wild! Pharma stock just reported amazing results and the price is going through the roof!,excitement,synthetic_gpt-4,True
Absolutely thrilled! Just hit a new all-time high! Letâ€™s keep riding this wave!,excitement,synthetic_gpt-4,True
"Wow, 30% growth in a week! This investment is paying off BIG time!",excitement,synthetic_gpt-4,True
This stock is a rocket ship! Up 60% since earnings report! Who's with me?,excitement,synthetic_gpt-4,True
Incredible day on the market! My biotech investments are soaring!,excitement,synthetic_gpt-4,True
Can you believe it? Up 40% in just three days! LFG!,excitement,synthetic_gpt-4,True
Major breakthrough news! Our renewable energy stocks are surging! ğŸŒŸ,excitement,synthetic_gpt-4,True
JUST IN: Our favorite gaming company just soared after a record-breaking quarter!,excitement,synthetic_gpt-4,True
Feeling electric! My fintech stocks just broke through resistance levels!,excitement,synthetic_gpt-4,True
What a ride! My shares are up 45% since January! Best decision ever!,excitement,synthetic_gpt-4,True
Riding the wave of success! My green tech investments are shining bright!,excitement,synthetic_gpt-4,True
Unbelievable! Our health tech stock just jumped 35% on great news!,excitement,synthetic_gpt-4,True
This is amazing! My travel stocks are finally rebounding and climbing!,excitement,synthetic_gpt-4,True
Can I just say WOW? The momentum in the market is OUT OF THIS WORLD!,excitement,synthetic_gpt-4,True
This is the kind of market action that gets your heart racing! Up 50%! ğŸš€,excitement,synthetic_gpt-4,True
Fabulous gains today! Our consumer goods stock is on fire! ğŸ”¥,excitement,synthetic_gpt-4,True
"Absolutely buzzing! Just when I thought it couldnâ€™t get better, it does!",excitement,synthetic_gpt-4,True
Insane gains alert! EV stocks are breaking records left and right!,excitement,synthetic_gpt-4,True
Just made a killer move! My software stocks are up 40%! Who's excited?,excitement,synthetic_gpt-4,True
This is it! The momentum weâ€™ve been waiting for! Next stop: all-time highs!,excitement,synthetic_gpt-4,True
What a fantastic week! My energy stocks just posted a monstrous gain!,excitement,synthetic_gpt-4,True
Earnings blowout! Our cloud services company just jumped 30%! Letâ€™s celebrate!,excitement,synthetic_gpt-4,True
Shouting from the rooftops! My investments have never looked better!,excitement,synthetic_gpt-4,True
This is what investing dreams are made of! Up 20% in a day!,excitement,synthetic_gpt-4,True
Massive surge! My AI stocks are outperforming everything else out there!,excitement,synthetic_gpt-4,True
This is pure excitement! Our pharmaceutical company just hit a major milestone!,excitement,synthetic_gpt-4,True
"Holy smokes, what a rally! My stocks are up 40% this month!",excitement,synthetic_gpt-4,True
Just got in on the ground floor of an amazing startup and itâ€™s taking off!,excitement,synthetic_gpt-4,True
I canâ€™t believe it! My shares are up 50% this week! What a time to be alive!,excitement,synthetic_gpt-4,True
Loving the energy in the market! My tech portfolio is thriving!,excitement,synthetic_gpt-4,True
What a surprise! My retail stock just announced a major partnership and is soaring!,excitement,synthetic_gpt-4,True
Riding high on incredible results! This tech stock is unstoppable!,excitement,synthetic_gpt-4,True
This is exhilarating! My dividend stocks just paid out big and prices are rising!,excitement,synthetic_gpt-4,True
What a phenomenal rally! Iâ€™ve never seen anything like it in my portfolio!,excitement,synthetic_gpt-4,True
Invested in the right place! My logistics stocks are climbing fast!,excitement,synthetic_gpt-4,True
This is monumental! Our favorite app just hit a huge user milestone and stock is up!,excitement,synthetic_gpt-4,True
Feeling on top of the world! My portfolio just crossed a new record high!,excitement,synthetic_gpt-4,True
What a thrilling moment! My alternative energy stocks just broke through resistance!,excitement,synthetic_gpt-4,True
This market is sizzling! My shares are on a serious upward trend!,excitement,synthetic_gpt-4,True
Time to celebrate! Just locked in massive gains from my latest investment!,excitement,synthetic_gpt-4,True
This stock is going to the moon! Canâ€™t wait to see where it lands!,excitement,synthetic_gpt-4,True
What incredible market action! My investments are flourishing!,excitement,synthetic_gpt-4,True
This is fantastic! I canâ€™t believe how fast my shares are rising!,excitement,synthetic_gpt-4,True
Excitement is in the air! My biotech stocks are absolutely crushing it!,excitement,synthetic_gpt-4,True
What a bullish environment! My tech stocks are loving the attention!,excitement,synthetic_gpt-4,True
"Just when I thought it couldnâ€™t get any better, it does! Huge gains today!",excitement,synthetic_gpt-4,True
This investment is a game changer! Our digital health stock is through the roof!,excitement,synthetic_gpt-4,True
Feeling fantastic! My portfolio just hit a 100% return this year!,excitement,synthetic_gpt-4,True
